{"stats":{"minecraft:custom":{"minecraft:mob_kills":95,"minecraft:interact_with_crafting_table":13,"minecraft:leave_game":3,"minecraft:time_since_death":42656,"minecraft:climb_one_cm":1073,"minecraft:sprint_one_cm":474179,"minecraft:walk_one_cm":451845,"minecraft:drop":12,"minecraft:talked_to_villager":5,"minecraft:play_time":167093,"minecraft:deaths":1,"minecraft:sneak_time":2737,"minecraft:walk_under_water_one_cm":35705,"minecraft:boat_one_cm":364734,"minecraft:jump":1750,"minecraft:walk_on_water_one_cm":24067,"minecraft:total_world_time":167093,"minecraft:interact_with_furnace":27,"minecraft:traded_with_villager":9,"minecraft:sleep_in_bed":5,"minecraft:time_since_rest":36145,"minecraft:damage_taken":3055,"minecraft:damage_dealt":15698,"minecraft:swim_one_cm":74353,"minecraft:fly_one_cm":288660,"minecraft:open_chest":23,"minecraft:crouch_one_cm":3673,"minecraft:fall_one_cm":51936},"minecraft:killed":{"minecraft:cave_spider":10,"minecraft:spider":8,"minecraft:slime":4,"minecraft:skeleton":19,"untamedwilds:catfish":1,"untamedwilds:boar":5,"minecraft:bat":2,"minecraft:creeper":9,"minecraft:sheep":3,"minecraft:zombie":21,"untamedwilds:bison":3,"minecraft:enderman":5},"minecraft:killed_by":{"minecraft:cave_spider":1},"minecraft:picked_up":{"minecraft:crafting_table":5,"minecraft:azure_bluet":1,"minecraft:cornflower":1,"minecraft:string":69,"minecraft:cobbled_deepslate":374,"minecraft:beef":8,"minecraft:poppy":1,"minecraft:furnace":2,"minecraft:raw_iron":76,"minecraft:stick":7,"minecraft:oak_fence":2,"minecraft:torch":14,"minecraft:porkchop":7,"minecraft:diorite":16,"minecraft:carrot":6,"minecraft:arrow":17,"minecraft:rotten_flesh":16,"minecraft:mutton":4,"minecraft:cod":1,"minecraft:rail":7,"minecraft:white_wool":3,"minecraft:cobblestone":249,"minecraft:oxeye_daisy":1,"minecraft:andesite":15,"minecraft:leather":16,"minecraft:potato":6,"biomesoplenty:fir_sapling":9,"biomesoplenty:fir_log":141,"minecraft:flint":1,"minecraft:tuff":12,"minecraft:gunpowder":15,"minecraft:lapis_lazuli":66,"minecraft:dirt":67,"minecraft:bone":27,"minecraft:kelp":7,"untamedwilds:material_fat":9,"minecraft:wheat_seeds":8,"biomesoplenty:fir_boat":2,"minecraft:raw_gold":23,"minecraft:oak_planks":5,"minecraft:dandelion":6,"minecraft:gravel":21,"minecraft:sand":64,"minecraft:white_bed":2,"minecraft:spider_eye":7,"minecraft:slime_ball":2,"minecraft:diamond":19,"minecraft:granite":15,"minecraft:bread":32,"minecraft:coal":128,"minecraft:ender_pearl":3},"minecraft:crafted":{"minecraft:furnace":2,"minecraft:diamond_shovel":1,"minecraft:cooked_mutton":4,"minecraft:iron_boots":1,"minecraft:bow":1,"minecraft:diamond_leggings":1,"minecraft:chest":2,"minecraft:cooked_beef":8,"minecraft:emerald":7,"minecraft:diamond_sword":1,"biomesoplenty:fir_boat":3,"minecraft:arrow":32,"minecraft:cooked_porkchop":7,"minecraft:diamond_axe":1,"minecraft:crafting_table":2,"minecraft:iron_helmet":1,"minecraft:air":0,"biomesoplenty:fir_planks":564,"minecraft:stick":320,"minecraft:iron_ingot":76,"minecraft:iron_pickaxe":1,"minecraft:white_bed":1,"minecraft:torch":256,"minecraft:diamond_chestplate":1},"minecraft:broken":{"minecraft:iron_sword":1,"minecraft:iron_helmet":1},"minecraft:used":{"minecraft:iron_shovel":165,"minecraft:chest":2,"minecraft:iron_sword":228,"minecraft:rotten_flesh":6,"minecraft:torch":287,"minecraft:dirt":39,"minecraft:carrot":9,"minecraft:granite":6,"biomesoplenty:fir_sapling":4,"minecraft:iron_axe":179,"minecraft:bow":40,"minecraft:furnace":4,"untamedwilds:material_fat":2,"minecraft:cooked_beef":8,"minecraft:cobbled_deepslate":161,"minecraft:cooked_mutton":4,"minecraft:diorite":2,"biomesoplenty:fir_boat":4,"minecraft:crafting_table":7,"minecraft:spider_eye":2,"minecraft:white_bed":3,"minecraft:cod":1,"minecraft:diamond_pickaxe":990,"minecraft:bread":32,"minecraft:iron_pickaxe":1,"minecraft:gravel":15,"minecraft:diamond_sword":177,"minecraft:cobblestone":60,"minecraft:cooked_porkchop":2,"minecraft:andesite":5},"minecraft:dropped":{"minecraft:bread":32,"minecraft:lapis_lazuli":2,"minecraft:kelp":7,"minecraft:rotten_flesh":3,"minecraft:spider_eye":1},"minecraft:mined":{"minecraft:tuff":16,"minecraft:white_bed":2,"minecraft:deepslate_diamond_ore":19,"gravestone:gravestone":1,"minecraft:granite":15,"minecraft:grass_block":67,"minecraft:kelp":1,"minecraft:oxeye_daisy":1,"minecraft:spawner":5,"minecraft:furnace":2,"minecraft:carrots":2,"minecraft:iron_ore":58,"minecraft:cobbled_deepslate":30,"minecraft:andesite":11,"minecraft:azure_bluet":1,"minecraft:potatoes":4,"minecraft:deepslate_iron_ore":19,"minecraft:stone":240,"minecraft:kelp_plant":8,"minecraft:dandelion":6,"minecraft:oak_fence":1,"minecraft:crafting_table":5,"minecraft:cornflower":1,"minecraft:torch":8,"minecraft:poppy":1,"minecraft:tall_grass":18,"minecraft:cobblestone":13,"minecraft:deepslate_gold_ore":16,"minecraft:lapis_ore":10,"minecraft:diorite":17,"minecraft:wall_torch":2,"biomesoplenty:fir_log":167,"minecraft:grass":31,"minecraft:coal_ore":96,"biomesoplenty:fir_leaves":21,"minecraft:gravel":24,"minecraft:sand":64,"minecraft:dirt":1,"minecraft:cobweb":73,"minecraft:gold_ore":5,"minecraft:deepslate":416,"biomesoplenty:reed":1}},"DataVersion":3465}