{"stats":{"minecraft:picked_up":{"minecraft:allium":3,"regions_unexplored:magnolia_log":5,"minecraft:gold_block":1,"regions_unexplored:white_trillium":2,"minecraft:cornflower":1,"minecraft:string":10,"biomesoplenty:tall_lavender":2,"minecraft:blue_orchid":2,"biomesoplenty:fir_planks":66,"minecraft:chest":2,"minecraft:egg":2,"minecraft:stick":79,"minecraft:oak_fence":25,"minecraft:torch":22,"sophisticatedbackpacks:backpack":1,"minecraft:porkchop":5,"regions_unexplored:daisy":1,"minecraft:arrow":12,"minecraft:rotten_flesh":34,"regions_unexplored:tsubaki":6,"untamedwilds:trap_cage":11,"minecraft:red_tulip":2,"untamedwilds:flora_yarrow":2,"minecraft:cobblestone":48,"biomesoplenty:lavender":236,"minecraft:feather":2,"minecraft:lilac":1,"minecraft:salmon":1,"minecraft:andesite":1,"minecraft:leather":13,"biomesoplenty:fir_sapling":8,"biomesoplenty:fir_log":62,"minecraft:oak_log":238,"minecraft:yellow_bed":1,"minecraft:dirt":556,"regions_unexplored:waratah":3,"minecraft:bone":14,"minecraft:apple":102,"untamedwilds:material_fat":3,"minecraft:orange_tulip":1,"minecraft:wheat_seeds":19,"biomesoplenty:fir_boat":2,"minecraft:book":12,"minecraft:birch_boat":1,"minecraft:sand":43,"minecraft:white_bed":1,"minecraft:spider_eye":3,"regions_unexplored:pink_lupine":3,"regions_unexplored:hyssop":6,"regions_unexplored:fireweed":2,"regions_unexplored:silver_birch_log":4,"regions_unexplored:maple_log":1,"minecraft:emerald":1,"minecraft:oak_sapling":36,"regions_unexplored:apple_oak_sapling":10},"minecraft:used":{"minecraft:oak_fence":195,"minecraft:iron_shovel":257,"minecraft:chest":6,"untamedwilds:trap_cage":11,"minecraft:torch":82,"minecraft:dirt":569,"minecraft:spyglass":39,"minecraft:glass":6,"minecraft:wooden_axe":59,"minecraft:iron_axe":535,"minecraft:furnace":1,"minecraft:egg":1,"minecraft:potato":6,"minecraft:birch_boat":1,"biomesoplenty:fir_planks":183,"biomesoplenty:fir_boat":3,"minecraft:crafting_table":9,"minecraft:white_bed":1,"minecraft:diamond_pickaxe":56,"minecraft:diamond_shovel":337,"minecraft:bread":46,"biomesoplenty:fir_stairs":1,"minecraft:stone_axe":134,"minecraft:diamond_sword":294,"biomesoplenty:fir_door":2,"minecraft:yellow_bed":1},"minecraft:broken":{"minecraft:iron_shovel":1,"minecraft:iron_axe":2,"minecraft:stone_axe":1},"minecraft:mined":{"minecraft:white_bed":1,"regions_unexplored:blue_lupine":12,"untamedwilds:flora_junegrass":3,"regions_unexplored:maple_log":40,"regions_unexplored:pink_lupine":2,"regions_unexplored:magnolia_log":3,"regions_unexplored:bleeding_heart":12,"gravestone:gravestone":2,"biomesoplenty:bush":4,"minecraft:allium":12,"minecraft:grass_block":308,"regions_unexplored:aster":3,"minecraft:spruce_leaves":5,"regions_unexplored:white_trillium":8,"untamedwilds:flora_yarrow":1,"biomesoplenty:tall_lavender":12,"regions_unexplored:waratah":6,"biomesoplenty:lavender":286,"minecraft:gold_block":1,"minecraft:bookshelf":4,"regions_unexplored:apple_oak_leaves":2,"regions_unexplored:medium_grass":36,"minecraft:blue_orchid":7,"minecraft:stone":54,"minecraft:white_tulip":10,"regions_unexplored:felicia_daisy":1,"minecraft:oak_fence":25,"minecraft:cornflower":4,"minecraft:torch":13,"minecraft:emerald_ore":1,"regions_unexplored:salmon_poppy_bush":9,"biomesoplenty:fir_planks":69,"minecraft:chest":2,"minecraft:tall_grass":31,"regions_unexplored:daisy":2,"minecraft:wall_torch":10,"regions_unexplored:tsubaki":5,"untamedwilds:block_burrow":5,"regions_unexplored:hyssop":16,"untamedwilds:trap_cage":11,"minecraft:lilac":1,"minecraft:orange_tulip":1,"biomesoplenty:fir_log":85,"minecraft:yellow_bed":1,"minecraft:grass":280,"minecraft:oak_log":446,"biomesoplenty:fir_leaves":2,"regions_unexplored:silver_birch_log":4,"minecraft:sand":45,"minecraft:dirt":228,"untamedwilds:flora_canola":5,"minecraft:oak_leaves":1,"minecraft:fern":2,"regions_unexplored:fireweed":1},"minecraft:dropped":{"minecraft:wheat_seeds":7,"minecraft:oak_log":2,"minecraft:salmon":1,"minecraft:allium":2,"minecraft:oak_sapling":1},"minecraft:crafted":{"biomesoplenty:fir_trapdoor":8,"biomesoplenty:fir_stairs":4,"minecraft:oak_planks":448,"untamedwilds:trap_cage":9,"minecraft:birch_boat":1,"minecraft:furnace":1,"minecraft:diamond_shovel":1,"minecraft:iron_bars":32,"minecraft:glass":31,"minecraft:iron_axe":1,"minecraft:chest":2,"minecraft:oak_fence":240,"regions_unexplored:magnolia_planks":20,"biomesoplenty:fir_boat":2,"minecraft:crafting_table":9,"minecraft:birch_planks":16,"minecraft:stone_axe":1,"minecraft:air":0,"biomesoplenty:fir_planks":248,"minecraft:stick":128,"minecraft:iron_ingot":20,"minecraft:wooden_axe":1,"biomesoplenty:fir_door":3},"minecraft:killed_by":{"minecraft:creeper":1,"untamedwilds:bison":1},"minecraft:killed":{"minecraft:spider":11,"minecraft:skeleton":14,"minecraft:drowned":1,"minecraft:zombie_villager":1,"untamedwilds:boar":3,"minecraft:creeper":1,"minecraft:pillager":3,"minecraft:zombie":27,"untamedwilds:bison":1},"minecraft:custom":{"minecraft:mob_kills":66,"minecraft:interact_with_crafting_table":24,"minecraft:damage_dealt_resisted":180,"minecraft:leave_game":5,"minecraft:time_since_death":146111,"minecraft:sprint_one_cm":456754,"minecraft:walk_one_cm":1186517,"minecraft:drop":6,"minecraft:damage_dealt_absorbed":200,"minecraft:talked_to_villager":3,"minecraft:play_time":429378,"minecraft:deaths":2,"minecraft:sneak_time":1757,"minecraft:walk_under_water_one_cm":30796,"minecraft:boat_one_cm":723060,"minecraft:jump":2058,"minecraft:walk_on_water_one_cm":39950,"minecraft:total_world_time":429378,"minecraft:interact_with_furnace":8,"minecraft:sleep_in_bed":5,"minecraft:time_since_rest":215,"minecraft:damage_taken":2389,"minecraft:damage_dealt":11832,"minecraft:swim_one_cm":50392,"minecraft:fly_one_cm":145925,"minecraft:open_chest":12,"minecraft:crouch_one_cm":2417,"minecraft:fall_one_cm":31367}},"DataVersion":3465}