{"stats":{"minecraft:crafted":{"minecraft:oak_planks":116,"untamedwilds:trap_cage":16,"minecraft:diamond_shovel":1,"minecraft:cooked_mutton":6,"minecraft:iron_bars":64,"minecraft:diamond_helmet":1,"minecraft:diamond_leggings":1,"minecraft:iron_boots":1,"minecraft:chest":1,"sophisticatedbackpacks:backpack":1,"minecraft:emerald":24,"minecraft:diamond_axe":1,"minecraft:crafting_table":11,"minecraft:spruce_planks":100,"minecraft:spruce_trapdoor":2,"minecraft:purple_dye":1,"minecraft:stick":12,"minecraft:iron_ingot":34,"minecraft:gold_ingot":9,"minecraft:redstone":2,"minecraft:bone_meal":9,"minecraft:oak_trapdoor":16,"minecraft:flint_and_steel":1,"minecraft:diamond_boots":1,"minecraft:spruce_boat":2,"untamedwilds:food_bear_cooked":6,"minecraft:dark_oak_planks":176,"sophisticatedbackpacks:iron_backpack":1,"minecraft:diamond_sword":1,"minecraft:iron_sword":1,"sophisticatedbackpacks:gold_backpack":1,"minecraft:bucket":2,"untamedwilds:food_pachyderm_cooked":8,"minecraft:air":0,"minecraft:bread":66,"minecraft:oak_boat":1,"minecraft:white_dye":9,"minecraft:iron_leggings":1,"minecraft:white_bed":1,"minecraft:torch":16,"minecraft:diamond_chestplate":1},"minecraft:killed_by":{"untamedwilds:hippo":1,"minecraft:spider":1},"minecraft:picked_up":{"minecraft:wheat":3,"untamedwilds:food_pachyderm_cooked":1,"minecraft:lead":2,"minecraft:string":7,"minecraft:raw_copper":7,"minecraft:cobbled_deepslate":52,"minecraft:spruce_planks":10,"minecraft:iron_boots":1,"minecraft:stick":20,"minecraft:oak_fence":2,"minecraft:torch":24,"minecraft:porkchop":2,"minecraft:diorite":12,"minecraft:rotten_flesh":31,"minecraft:tropical_fish":13,"untamedwilds:trap_cage":20,"untamedwilds:anemone_sebae":1,"minecraft:cod":3,"minecraft:cobblestone":243,"biomesoplenty:lavender":3,"minecraft:feather":6,"minecraft:cooked_beef":14,"minecraft:andesite":9,"minecraft:smoker":3,"minecraft:flint":1,"minecraft:tuff":6,"minecraft:lapis_lazuli":92,"untamedwilds:material_blubber":6,"minecraft:dirt":88,"minecraft:bone":47,"minecraft:wheat_seeds":8,"untamedwilds:material_shark_tooth":2,"untamedwilds:hide_tan":5,"minecraft:moss_block":3,"minecraft:cooked_porkchop":3,"minecraft:sand":96,"minecraft:grass_block":2,"minecraft:dark_oak_log":44,"regions_unexplored:cattail":12,"minecraft:sugar":1,"minecraft:diamond":36,"minecraft:spruce_boat":1,"minecraft:granite":30,"minecraft:bone_meal":1,"minecraft:oak_sapling":6,"sophisticatedbackpacks:gold_backpack":1,"minecraft:crafting_table":6,"minecraft:chicken":3,"minecraft:clay_ball":246,"minecraft:gold_block":4,"untamedwilds:food_bear_raw":11,"minecraft:beef":3,"minecraft:poppy":1,"minecraft:spruce_trapdoor":1,"minecraft:egg":4,"regions_unexplored:duckweed":4,"minecraft:dark_oak_sapling":3,"minecraft:raw_iron":54,"minecraft:sandstone":7,"untamedwilds:food_pachyderm_raw":8,"untamedwilds:hide_black":3,"untamedwilds:hide_white":9,"regions_unexplored:dusktrap":1,"untamedwilds:food_bear_cooked":3,"minecraft:arrow":14,"sophisticatedbackpacks:copper_backpack":2,"minecraft:glow_berries":8,"minecraft:mutton":6,"minecraft:white_wool":3,"regions_unexplored:peat_dirt":3,"minecraft:glow_ink_sac":1,"minecraft:salmon":1,"minecraft:leather":29,"minecraft:oak_log":30,"minecraft:gunpowder":1,"minecraft:blue_bed":1,"biomesoplenty:glowing_moss_carpet":2,"untamedwilds:spawn_tortoise":6,"minecraft:apple":6,"untamedwilds:material_fat":18,"minecraft:kelp":9,"minecraft:rabbit_hide":2,"minecraft:iron_ingot":5,"minecraft:cooked_chicken":3,"regions_unexplored:larch_sapling":1,"minecraft:glass_bottle":2,"untamedwilds:chum":2,"minecraft:dandelion":1,"minecraft:gravel":19,"untamedwilds:spawn_snake":10,"minecraft:spruce_sapling":2,"minecraft:blast_furnace":5,"minecraft:spruce_log":26,"minecraft:white_bed":1,"minecraft:spider_eye":4,"untamedwilds:hide_gray":3,"minecraft:slime_ball":4,"minecraft:purple_bed":12,"minecraft:baked_potato":1,"minecraft:coal":37,"minecraft:ender_pearl":3},"minecraft:dropped":{"minecraft:iron_sword":1,"minecraft:porkchop":1,"minecraft:lapis_lazuli":20,"minecraft:cooked_beef":1,"minecraft:oak_log":1,"minecraft:glow_ink_sac":1,"minecraft:glass_bottle":1,"minecraft:crafting_table":1,"minecraft:dark_oak_sapling":2,"minecraft:cooked_porkchop":3,"minecraft:leather":5,"minecraft:cod":3,"sophisticatedbackpacks:gold_backpack":1,"minecraft:dirt":46,"gravestone:obituary":3,"minecraft:bone_meal":1,"minecraft:sand":89,"minecraft:sugar":1,"untamedwilds:food_bear_raw":5,"minecraft:blue_bed":1,"minecraft:bone":9,"minecraft:gravel":6,"minecraft:cobbled_deepslate":29,"minecraft:wheat":6,"minecraft:rotten_flesh":31,"minecraft:oak_planks":1,"regions_unexplored:larch_sapling":1,"regions_unexplored:duckweed":4,"minecraft:rabbit_hide":2,"regions_unexplored:cattail":12,"regions_unexplored:peat_dirt":3,"minecraft:white_dye":4,"minecraft:arrow":10,"minecraft:egg":2,"minecraft:wheat_seeds":8,"untamedwilds:anemone_sebae":1,"biomesoplenty:lavender":2,"minecraft:golden_axe":1,"minecraft:feather":6,"minecraft:cobblestone":196,"minecraft:granite":29,"minecraft:tropical_fish":6,"minecraft:grass_block":2,"minecraft:stick":23,"minecraft:diorite":1,"minecraft:potion":2,"minecraft:iron_leggings":1,"minecraft:string":2,"minecraft:spruce_sapling":1,"minecraft:dandelion":1,"minecraft:redstone":2,"minecraft:kelp":9,"minecraft:raw_copper":7,"minecraft:bowl":1,"minecraft:tuff":6,"minecraft:chicken":3,"untamedwilds:hide_white":3,"minecraft:clay_ball":6,"minecraft:iron_boots":2,"minecraft:spruce_planks":15,"minecraft:iron_chestplate":1,"minecraft:andesite":3,"minecraft:purple_bed":1,"minecraft:oak_sapling":6,"minecraft:spider_eye":4,"minecraft:slime_ball":4,"minecraft:sandstone":1},"minecraft:used":{"minecraft:moss_block":3,"minecraft:iron_shovel":139,"sophisticatedbackpacks:copper_backpack":1,"minecraft:poppy":1,"untamedwilds:spawn_tortoise":3,"minecraft:iron_sword":310,"untamedwilds:trap_cage":20,"minecraft:honey_bottle":2,"minecraft:milk_bucket":1,"minecraft:spruce_boat":3,"minecraft:cooked_cod":5,"untamedwilds:material_fat":1,"minecraft:egg":2,"minecraft:dark_oak_sapling":1,"minecraft:diorite":11,"minecraft:oak_planks":17,"minecraft:ender_pearl":3,"minecraft:sandstone":5,"minecraft:diamond_axe":119,"minecraft:golden_apple":2,"minecraft:glow_berries":13,"minecraft:sand":4,"minecraft:blast_furnace":2,"regions_unexplored:dusktrap":1,"minecraft:bread":70,"minecraft:gravel":13,"biomesoplenty:glowing_moss_carpet":2,"minecraft:fire_charge":1,"minecraft:diamond_sword":201,"minecraft:andesite":6,"minecraft:oak_boat":3,"untamedwilds:food_pachyderm_cooked":9,"minecraft:oak_fence":2,"minecraft:flint_and_steel":25,"minecraft:tropical_fish":7,"minecraft:spruce_planks":7,"minecraft:cooked_chicken":3,"minecraft:torch":50,"minecraft:dirt":35,"minecraft:spyglass":12,"minecraft:granite":1,"untamedwilds:food_bear_cooked":9,"minecraft:iron_axe":31,"minecraft:beef":3,"minecraft:cooked_beef":13,"minecraft:cobbled_deepslate":23,"minecraft:cooked_mutton":6,"minecraft:glass_bottle":5,"minecraft:baked_potato":1,"minecraft:salmon":1,"untamedwilds:spawn_snake":1,"minecraft:tnt":2,"minecraft:crafting_table":15,"minecraft:white_bed":1,"minecraft:spruce_log":1,"minecraft:smoker":2,"minecraft:diamond_pickaxe":513,"minecraft:apple":6,"minecraft:diamond_shovel":120,"minecraft:suspicious_stew":1,"minecraft:spruce_trapdoor":3,"minecraft:spruce_sapling":1,"minecraft:cobblestone":47,"minecraft:potion":3,"minecraft:purple_bed":8,"minecraft:porkchop":1,"minecraft:bucket":2},"minecraft:custom":{"minecraft:interact_with_crafting_table":22,"minecraft:leave_game":9,"minecraft:time_since_death":102812,"minecraft:sprint_one_cm":999602,"minecraft:drop":423,"minecraft:talked_to_villager":31,"minecraft:play_time":319564,"minecraft:deaths":7,"minecraft:jump":7252,"minecraft:walk_on_water_one_cm":110010,"minecraft:interact_with_furnace":6,"minecraft:traded_with_villager":37,"minecraft:sleep_in_bed":14,"minecraft:damage_dealt":25489,"minecraft:crouch_one_cm":15932,"minecraft:interact_with_smoker":12,"minecraft:mob_kills":123,"minecraft:damage_dealt_resisted":54,"minecraft:climb_one_cm":620,"minecraft:walk_one_cm":438484,"minecraft:sneak_time":11558,"minecraft:walk_under_water_one_cm":98598,"minecraft:boat_one_cm":907755,"minecraft:interact_with_blast_furnace":9,"minecraft:total_world_time":319564,"minecraft:time_since_rest":23968,"minecraft:damage_taken":8362,"minecraft:damage_absorbed":39,"minecraft:swim_one_cm":394755,"minecraft:fly_one_cm":1760472,"minecraft:open_chest":35,"minecraft:fall_one_cm":216329},"minecraft:mined":{"minecraft:white_bed":1,"regions_unexplored:cattail":20,"minecraft:spruce_trapdoor":1,"minecraft:cave_vines_plant":4,"minecraft:granite":30,"minecraft:grass_block":40,"minecraft:spawner":1,"minecraft:tall_seagrass":3,"minecraft:iron_ore":40,"minecraft:fire":20,"biomesoplenty:lavender":2,"minecraft:deepslate_lapis_ore":9,"minecraft:cave_vines":6,"sophisticatedbackpacks:copper_backpack":1,"biomesoplenty:glowing_moss_carpet":1,"biomesoplenty:glowworm_silk":1,"minecraft:smoker":3,"regions_unexplored:duckweed":7,"minecraft:clay":62,"minecraft:torch":6,"minecraft:blast_furnace":5,"regions_unexplored:peat_grass_block":1,"minecraft:cobblestone":3,"minecraft:wall_torch":14,"minecraft:seagrass":4,"biomesoplenty:glowworm_silk_strand":2,"minecraft:grass":29,"minecraft:oak_log":36,"regions_unexplored:peat_dirt":2,"minecraft:sand":95,"minecraft:dirt":54,"minecraft:oak_leaves":29,"minecraft:deepslate":68,"minecraft:tuff":6,"minecraft:deepslate_diamond_ore":36,"regions_unexplored:dusktrap":1,"minecraft:dark_oak_log":49,"gravestone:gravestone":4,"minecraft:spruce_leaves":10,"minecraft:moss_block":3,"minecraft:sandstone":7,"biomesoplenty:dune_grass":3,"untamedwilds:anemone_sebae":1,"minecraft:large_fern":3,"minecraft:andesite":9,"regions_unexplored:larch_leaves":5,"minecraft:gold_block":4,"biomesoplenty:sea_oats":2,"minecraft:deepslate_iron_ore":7,"regions_unexplored:apple_oak_leaves":11,"regions_unexplored:medium_grass":2,"minecraft:stone":222,"minecraft:crafting_table":6,"untamedwilds:flora_bush_temperate":1,"minecraft:tall_grass":8,"minecraft:copper_ore":2,"biomesoplenty:sprout":1,"minecraft:lapis_ore":6,"minecraft:diorite":12,"minecraft:blue_bed":1,"untamedwilds:block_burrow":21,"minecraft:purple_bed":11,"untamedwilds:trap_cage":20,"minecraft:spruce_log":27,"minecraft:coal_ore":22,"biomesoplenty:fir_leaves":31,"minecraft:gravel":25,"minecraft:small_dripleaf":1,"minecraft:fern":1},"minecraft:broken":{"minecraft:iron_helmet":1},"minecraft:killed":{"minecraft:witch":1,"minecraft:spider":8,"untamedwilds:manatee":2,"minecraft:skeleton":14,"minecraft:chicken":3,"untamedwilds:giant_salamander":2,"minecraft:tropical_fish":4,"minecraft:pig":1,"untamedwilds:boar":1,"minecraft:iron_golem":2,"minecraft:creeper":1,"minecraft:sheep":3,"untamedwilds:bear":4,"minecraft:trader_llama":2,"minecraft:goat":1,"minecraft:zombie":25,"untamedwilds:bison":6,"untamedwilds:snake":1,"untamedwilds:rhino":1,"untamedwilds:triggerfish":1,"minecraft:cow":2,"untamedwilds:sunfish":1,"minecraft:slime":4,"untamedwilds:catfish":2,"untamedwilds:opossum":5,"untamedwilds:terror_bird":1,"untamedwilds:king_crab":2,"untamedwilds:shark":1,"untamedwilds:newt":1,"minecraft:wandering_trader":1,"untamedwilds:big_cat":3,"untamedwilds:spitter":1,"minecraft:enderman":5}},"DataVersion":3465}