{
  "minecraft:recipes/decorations/crafting_table": {
    "criteria": {
      "unlock_right_away": "2024-05-11 22:41:38 +0000"
    },
    "done": true
  },
  "betterdeserttemples:root": {
    "criteria": {
      "always": "2024-05-11 22:41:38 +0000"
    },
    "done": true
  },
  "regions_unexplored:regions_explored": {
    "criteria": {
      "silver_birch_forest": "2024-05-11 22:46:46 +0000",
      "willow_forest": "2024-05-11 22:41:39 +0000",
      "rocky_meadow": "2024-05-11 22:46:20 +0000",
      "magnolia_highlands": "2024-05-11 22:47:01 +0000",
      "cold_river": "2024-05-11 22:46:43 +0000"
    },
    "done": false
  },
  "regions_unexplored:pioneer": {
    "criteria": {
      "silver_birch_forest": "2024-05-11 22:46:46 +0000",
      "willow_forest": "2024-05-11 22:41:39 +0000",
      "rocky_meadow": "2024-05-11 22:46:20 +0000",
      "magnolia_highlands": "2024-05-11 22:47:01 +0000",
      "cold_river": "2024-05-11 22:46:43 +0000"
    },
    "done": false
  },
  "betterdungeons:root": {
    "criteria": {
      "always": "2024-05-11 22:41:38 +0000"
    },
    "done": true
  },
  "minecraft:adventure/adventuring_time": {
    "criteria": {
      "minecraft:river": "2024-05-11 22:46:42 +0000"
    },
    "done": false
  },
  "regions_unexplored:parent": {
    "criteria": {
      "load_in_world": "2024-05-11 22:41:39 +0000"
    },
    "done": true
  },
  "DataVersion": 3465
}